submissionID;reviewID
293;760
293;759
293;758
297;756
297;755
297;754
301;752
301;751
301;750
305;748
305;747
305;746
309;744
309;743
309;742
313;740
313;739
313;738
317;736
317;735
317;734
321;732
321;731
321;730
325;728
325;727
325;726
329;724
329;723
329;722
333;720
333;719
333;718
337;716
337;715
337;714
341;712
341;711
341;710
345;708
345;707
345;706
349;704
349;703
349;702
353;700
353;699
353;698
357;696
357;695
357;694
361;692
361;691
361;690
365;688
365;687
365;686
369;684
369;683
369;682
373;680
373;679
373;678
377;676
377;675
377;674
381;672
381;671
381;670
385;668
385;667
385;666
389;664
389;663
389;662
393;660
393;659
393;658
397;656
397;655
397;654
401;652
401;651
401;650
405;648
405;647
405;646
409;644
409;643
409;642
413;640
413;639
413;638
417;636
417;635
417;634
421;632
421;631
421;630
425;628
425;627
425;626
429;624
429;623
429;622
433;620
433;619
433;618
437;616
437;615
437;614
441;612
441;611
441;610
445;608
445;607
445;606
449;604
449;603
449;602
453;600
453;599
453;598
457;596
457;595
457;594
461;592
461;591
461;590
465;588
465;587
465;586
469;584
469;583
469;582
473;580
473;579
473;578
477;576
477;575
477;574
481;572
481;571
481;570
485;568
485;567
485;566
489;564
489;563
489;562
493;560
493;559
493;558
497;556
497;555
497;554
501;552
501;551
501;550
505;548
505;547
505;546
509;544
509;543
509;542
513;540
513;539
513;538
517;536
517;535
517;534
521;532
521;531
521;530
525;528
525;527
525;526
529;524
529;523
529;522
533;520
533;519
533;518
537;516
537;515
537;514
541;512
541;511
541;510
545;508
545;507
545;506
549;504
549;503
549;502
553;500
553;499
553;498
557;496
557;495
557;494
561;492
561;491
561;490
565;488
565;487
565;486
569;484
569;483
569;482
573;480
573;479
573;478
577;476
577;475
577;474
581;472
581;471
581;470
585;468
585;467
585;466
589;464
589;463
589;462
593;460
593;459
593;458
597;456
597;455
597;454
601;452
601;451
601;450
605;448
605;447
605;446
609;444
609;443
609;442
613;440
613;439
613;438
617;436
617;435
617;434
621;432
621;431
621;430
625;428
625;427
625;426
629;424
629;423
629;422
633;420
633;419
633;418
637;416
637;415
637;414
641;412
641;411
641;410
645;408
645;407
645;406
649;404
649;403
649;402
653;400
653;399
653;398
657;396
657;395
657;394
661;392
661;391
661;390
665;388
665;387
665;386
669;384
669;383
669;382
673;380
673;379
673;378
677;376
677;375
677;374
681;372
681;371
681;370
685;368
685;367
685;366
689;364
689;363
689;362
693;360
693;359
693;358
697;356
697;355
697;354
701;352
701;351
701;350
705;348
705;347
705;346
709;344
709;343
709;342
713;340
713;339
713;338
717;336
717;335
717;334
721;332
721;331
721;330
725;328
725;327
725;326
729;324
729;323
729;322
733;320
733;319
733;318
737;316
737;315
737;314
741;312
741;311
741;310
745;308
745;307
745;306
749;304
749;303
749;302
753;300
753;299
753;298
757;296
757;295
757;294
